widow, arose-youth<162>-lingo<17>-widow<1>, 4
thief, arose-tined<258>-thief<1>, 3
clams, arose-wants<306>-vocal<42>-clump<4>-clams<1>, 5
clung, arose-clint<260>-clung<1>, 3
slice, arose-wilts<41>-smock<5>-slice<1>, 4
rusts, arose-sprit<75>-runts<3>-rusts<1>, 4
laser, arose-rapes<49>-seven<8>-mauls<3>-laser<1>, 5
gluts, arose-kilts<332>-gluts<3>, 3
ferry, arose-tired<167>-jerry<12>-miffs<3>-ferry<1>, 5
crack, arose-yenta<59>-zilch<18>-crack<2>, 4
drain, arose-yenta<59>-viand<15>-drain<1>, 4
bunch, arose-clint<260>-purim<4>-bunch<2>, 4
cribs, arose-grubs<20>-cribs<2>, 3
drawn, arose-yenta<59>-viand<15>-drawn<1>, 4
color, arose-corny<68>-color<2>, 3
hippo, arose-youth<162>-chino<4>-hippo<1>, 4
repro, not-in-dict, #N/A
makes, arose-welts<153>-vicki<54>-samba<5>-makes<1>, 5
elder, arose-tired<167>-udder<5>-elder<1>, 4
jukes, arose-zoned<317>-zilch<96>-upset<25>-fumes<2>-jukes<1>, 6
films, arose-kilts<332>-wimps<12>-films<2>, 4
booty, arose-zloty<51>-booty<1>, 3
churn, arose-birch<51>-churl<2>-churn<1>, 4
giant, arose-natal<274>-giant<8>, 3
missy, arose-shish<24>-missy<1>, 3
swank, arose-wants<306>-shawn<4>-swank<1>, 4
grout, arose-yukon<45>-group<5>-grout<1>, 4
rifts, arose-sprit<75>-rifts<1>, 3
acted, arose-dined<24>-ached<2>-acted<1>, 4
pussy, arose-shish<24>-fussy<2>-pussy<1>, 4
fauna, arose-natal<274>-canna<7>-fauna<2>, 4
ovule, arose-vying<34>-ovule<1>, 3
punch, arose-clint<260>-purim<4>-punch<1>, 4
modal, arose-woman<89>-modal<1>, 3
petal, arose-yodel<160>-vents<9>-phnom<3>-petal<1>, 5
swore, arose-tench<6>-spore<2>-swore<1>, 4
ergot, arose-errol<6>-ergot<1>, 3
aglow, arose-giant<17>-aglow<2>, 3
leech, arose-tined<258>-belly<21>-leech<1>, 4
raves, arose-rapes<49>-sacks<7>-right<4>-raves<2>, 5
chase, arose-unapt<14>-cease<3>-chase<1>, 4
suede, arose-wilts<41>-ensue<7>-suede<1>, 4
erred, arose-yield<46>-trued<3>-erred<1>, 4
essay, arose-welts<153>-specs<9>-essay<1>, 4
axles, arose-dusts<18>-bagel<4>-axles<1>, 4
fasts, arose-wants<306>-slims<14>-patch<3>-fasts<1>, 5
splat, not-in-dict, #N/A
worms, arose-scrod<43>-worth<11>-works<2>-worms<1>, 5
sides, arose-zoned<317>-dives<18>-tiffs<5>-sighs<3>-sides<1>, 6
fumes, arose-zoned<317>-zilch<96>-upset<25>-fumes<2>, 5
wants, arose-wants<306>, 2
riser, arose-serif<99>-wiser<14>-miser<2>-riser<1>, 5
chain, arose-natal<274>-chain<5>, 3
motor, arose-corny<68>-robot<6>-motor<1>, 4
timer, arose-tired<167>-tombs<4>-timer<1>, 4
loyal, arose-woman<89>-vocal<10>-dotal<3>-loyal<1>, 5
tines, arose-zoned<317>-wiped<12>-vital<6>-tines<1>, 5
print, arose-yukon<44>-bring<4>-print<1>, 4
slate, arose-watch<35>-skate<8>-steal<3>-slate<1>, 5
sperm, arose-serif<99>-sheer<8>-sperm<2>, 4
profs, not-in-dict, #N/A
apace, arose-bilge<23>-aztec<4>-apace<1>, 4
slams, arose-wants<306>-vocal<42>-slaps<11>-slimy<3>-slams<1>, 6
oiled, arose-opted<124>-singh<5>-oiled<1>, 4
saner, arose-rapes<49>-seven<8>-saner<1>, 4
polls, arose-yolks<146>-would<22>-tombs<5>-lolls<2>-polls<1>, 6
strep, not-in-dict, #N/A
slots, arose-zooms<132>-wisps<49>-synth<7>-scots<2>-slots<1>, 6
shalt, not-in-dict, #N/A
snead, not-in-dict, #N/A
leery, arose-tired<167>-emery<14>-leery<1>, 4
sarge, not-in-dict, #N/A
stars, arose-darts<94>-stars<2>, 3
gored, arose-rower<67>-pubic<6>-gored<2>, 4
reuse, arose-vouch<7>-reuse<1>, 3
index, arose-tined<258>-index<1>, 3
nylon, arose-youth<162>-nylon<4>, 3
slabs, arose-wants<306>-vocal<42>-slaps<11>-slimy<3>-slabs<1>, 6
befit, arose-tined<258>-phial<8>-befit<2>, 4
wrath, arose-yenta<59>-wrath<1>, 3
homey, arose-opted<124>-woken<21>-fogey<5>-covey<2>-homey<1>, 6
tries, arose-wrest<18>-tries<2>, 3
folic, arose-youth<162>-colin<20>-folic<1>, 4
cabin, arose-natal<274>-candy<19>-cabin<2>, 4
soles, arose-zooms<87>-zilch<44>-voted<5>-soppy<3>-soles<1>, 6
gruff, arose-yukon<44>-trump<9>-druid<2>-gruff<1>, 5
sappy, arose-wants<306>-basil<18>-scalp<3>-sappy<1>, 5
mains, arose-wants<306>-gains<7>-mains<2>, 4
civet, arose-tined<258>-civet<3>, 3
pesos, arose-zooms<87>-opens<8>-pesos<1>, 4
cried, arose-yield<46>-tripe<6>-frock<3>-cried<1>, 5
tints, arose-kilts<332>-tints<10>, 3
guano, arose-woman<89>-tunic<9>-guano<1>, 4
untie, arose-yield<104>-chine<16>-genie<2>-untie<1>, 5
snoop, arose-zooms<132>-tulip<16>-sworn<3>-snoop<1>, 5
witty, arose-clint<260>-bitty<13>-woken<3>-witty<1>, 5
piled, arose-tined<258>-wombs<19>-pluck<10>-piled<1>, 5
retry, arose-tired<167>-entry<5>-retry<1>, 4
magic, arose-natal<274>-width<27>-magic<3>, 4
civic, arose-clint<260>-civic<3>, 3
jonas, not-in-dict, #N/A
slyly, arose-kilts<332>-slump<5>-slyly<1>, 4
blush, arose-shish<24>-poufs<3>-blush<1>, 4
feces, arose-zoned<317>-zilch<96>-cubes<2>-feces<1>, 5
hover, arose-rower<67>-vying<20>-mulch<5>-hover<1>, 5
grind, arose-yukon<44>-bring<4>-grind<1>, 4
furry, arose-birch<51>-velum<4>-furry<1>, 4
idaho, arose-woman<89>-taboo<18>-idaho<1>, 4
feint, arose-tined<258>-feint<2>, 3
stray, arose-darts<94>-swamp<4>-stray<1>, 4
kinda, not-in-dict, #N/A
brush, arose-yacht<13>-brush<2>, 3
lodes, arose-zooms<87>-zilch<44>-paged<7>-lodes<1>, 5
puree, arose-wired<38>-puree<2>, 3
cache, arose-yalta<70>-zings<18>-cache<2>, 4
shoot, arose-zooms<132>-tulip<16>-scoot<3>-shoot<1>, 5
kinch, not-in-dict, #N/A
taunt, arose-natal<274>-vying<13>-third<4>-taunt<1>, 5
fewer, arose-tired<167>-wheel<25>-fewer<3>, 4
mooch, arose-zloty<51>-hooch<10>-mooch<2>, 4
musts, arose-kilts<332>-tuned<15>-busts<6>-gusts<2>-musts<1>, 6
tryst, arose-yacht<13>-tryst<1>, 3
taker, arose-water<98>-tempi<3>-taker<1>, 4
silos, arose-yolks<146>-silos<1>, 3
cadet, arose-yodel<160>-faded<6>-cadet<2>, 4
carly, not-in-dict, #N/A
niger, arose-tired<167>-woven<27>-finer<5>-nicer<2>-niger<1>, 6
devin, not-in-dict, #N/A
scene, arose-wilts<41>-ensue<7>-scene<1>, 4
modem, arose-opted<124>-dowel<8>-codex<2>-modem<1>, 5
manly, arose-natal<274>-manly<3>, 3
tying, arose-clint<260>-thing<3>-tying<1>, 4
giddy, arose-clint<260>-humid<19>-biddy<4>-giddy<1>, 5
tales, arose-welts<153>-tales<1>, 3
sniff, arose-kilts<332>-suing<13>-sniff<1>, 4
loser, arose-bores<26>-loser<3>, 3
tense, arose-dense<9>-sense<2>-tense<1>, 4
chews, arose-zoned<317>-pelts<94>-wacky<5>-chews<1>, 5
frill, arose-yukon<44>-tulip<9>-grind<3>-frill<1>, 5
steps, arose-zoned<317>-pelts<94>-steps<1>, 4
bored, arose-rower<67>-pubic<6>-bored<1>, 4
tangy, arose-natal<274>-vying<13>-tangy<1>, 4
broad, arose-scant<6>-broad<1>, 3
gongs, arose-yolks<146>-wound<44>-tribe<6>-gongs<2>, 5
dimes, arose-zoned<317>-dives<18>-docks<3>-dimes<1>, 5
mouth, arose-youth<162>-mouth<1>, 3
heist, arose-heist<18>, 2
build, arose-clint<260>-build<3>, 3
knack, arose-natal<274>-chain<5>-knack<1>, 4
musty, arose-kilts<332>-tumid<5>-musty<1>, 4
wives, arose-zoned<317>-zilch<96>-wombs<25>-wives<3>, 5
natal, arose-natal<274>, 2
fried, arose-yield<46>-tripe<6>-frock<3>-fried<1>, 5
donna, arose-woman<89>-torch<4>-donna<1>, 4
sever, arose-serif<99>-sowed<4>-sever<1>, 4
skims, arose-kilts<332>-spend<4>-skims<1>, 4
flesh, arose-heist<18>-chess<2>-flesh<1>, 4
leave, arose-yalta<70>-zebus<13>-leave<1>, 4
diddy, not-in-dict, #N/A
divas, arose-wants<306>-vocal<42>-divas<1>, 4
genoa, arose-oaken<8>-genoa<1>, 3
hyped, arose-tined<258>-weepy<22>-hyped<1>, 4
bodes, arose-zooms<87>-zilch<44>-zoned<23>-dusts<5>-bodes<1>, 6
toxic, arose-youth<162>-point<9>-motif<2>-toxic<1>, 5
pilar, not-in-dict, #N/A
sense, arose-dense<9>-sense<2>, 3
class, arose-stash<33>-class<2>, 3
looms, arose-zooms<132>-loped<3>-looms<1>, 4
being, arose-tined<258>-begin<10>-being<1>, 4
treks, arose-wrest<18>-tyler<4>-treks<1>, 4
techs, not-in-dict, #N/A
desks, arose-zoned<317>-sleds<25>-desks<1>, 4
swear, arose-rapes<49>-swims<3>-swear<1>, 4
tacks, arose-wants<306>-talks<10>-tacks<2>, 4
leavy, not-in-dict, #N/A
reset, arose-serif<99>-beers<14>-reset<1>, 4
mince, arose-yield<104>-hinge<13>-mince<2>, 4
paced, arose-yodel<160>-witch<40>-vicki<6>-faced<2>-paced<1>, 6
goers, not-in-dict, #N/A
gecko, arose-opted<124>-felon<18>-gecko<2>, 4
keels, arose-zoned<317>-pelts<94>-whelk<6>-keels<1>, 5
caged, arose-yodel<160>-witch<40>-vicki<6>-caged<2>, 5
sweat, arose-welts<153>-sweat<1>, 3
unset, not-in-dict, #N/A
pricy, not-in-dict, #N/A
spake, not-in-dict, #N/A
rites, arose-serif<99>-wiser<14>-veldt<5>-rites<1>, 5
drabs, arose-yacht<26>-grads<12>-elbow<3>-drabs<1>, 5
taste, arose-watch<35>-taupe<3>-taste<1>, 4
ovens, arose-zooms<87>-opens<8>-ovens<1>, 4
emery, arose-tired<167>-emery<14>, 3
stich, not-in-dict, #N/A
gonna, not-in-dict, #N/A
dooms, arose-zooms<132>-loped<3>-dooms<1>, 4
bonds, arose-yolks<146>-wound<44>-bonds<2>, 4
putty, arose-clint<260>-thumb<5>-putty<1>, 4
goody, arose-zloty<51>-yoked<9>-worms<3>-goody<1>, 5
covet, arose-opted<124>-monet<5>-covet<1>, 4
vetch, arose-tined<258>-ethyl<18>-vicki<3>-vetch<1>, 5
dregs, arose-wrest<18>-puffy<4>-dregs<1>, 4
raker, not-in-dict, #N/A
laces, arose-welts<153>-zoned<11>-mocks<4>-laces<1>, 5
sedan, arose-welts<153>-shade<3>-sedan<1>, 4
waged, arose-yodel<160>-witch<40>-waxen<5>-waged<3>, 5
hated, arose-yodel<160>-witch<40>-hated<1>, 4
style, arose-wilts<41>-stele<2>-style<1>, 4
fifth, arose-clint<260>-bitty<13>-fifth<2>, 4
pooch, arose-zloty<51>-hooch<10>-mooch<2>-pooch<1>, 5
posit, arose-yolks<146>-tuned<10>-posit<1>, 4
quash, arose-stash<33>-uncap<5>-quash<1>, 4
spank, arose-wants<306>-snail<13>-shank<3>-spank<1>, 5
poses, arose-zooms<87>-zilch<44>-zoned<23>-zippy<11>-risks<3>-poses<1>, 7
vista, arose-wants<306>-sputa<2>-vista<1>, 4
boxed, arose-opted<124>-zulus<25>-yowls<18>-munch<12>-boxed<4>, 6
opens, arose-zooms<87>-opens<8>, 3
sandy, arose-wants<306>-sandy<1>, 3
wispy, arose-kilts<332>-fishy<3>-wispy<1>, 4
close, arose-winch<8>-close<1>, 3
miser, arose-serif<99>-wiser<14>-miser<2>, 4
roses, arose-bores<26>-salts<5>-roses<1>, 4
arose, arose, 1
ladle, arose-yalta<70>-cable<9>-mardi<3>-ladle<1>, 5
stirs, arose-sprit<75>-stirs<1>, 3
balks, arose-wants<306>-zilch<59>-pigmy<9>-balks<3>, 5
modes, arose-zooms<87>-tumid<11>-modes<1>, 4
mages, not-in-dict, #N/A
votes, arose-zooms<87>-zilch<44>-zoned<23>-zippy<11>-wafts<5>-totes<2>-votes<1>, 8
bring, arose-yukon<44>-bring<4>, 3
caked, arose-yodel<160>-witch<40>-vicki<6>-caked<1>, 5
snail, arose-wants<306>-snail<13>, 3
fulls, not-in-dict, #N/A
slash, arose-stash<33>-slash<2>, 3
idols, arose-zooms<132>-wisps<49>-icons<3>-idols<1>, 5
verge, arose-wired<38>-verge<9>, 3
exile, arose-yield<104>-whist<5>-exile<2>, 4
shows, arose-zooms<132>-wisps<49>-tench<5>-shows<1>, 5
hurry, arose-birch<51>-hurry<2>, 3
razor, arose-baron<52>-velum<6>-razor<1>, 4
poles, arose-zooms<87>-zilch<44>-voted<5>-soppy<3>-poles<1>, 6
testy, arose-zoned<317>-pelts<94>-testy<1>, 4
plans, arose-wants<306>-spice<8>-plans<1>, 4
unify, arose-clint<260>-unify<1>, 3
ravel, arose-water<98>-cared<19>-ravel<2>, 4
cotes, not-in-dict, #N/A
fires, arose-serif<99>-fires<1>, 3
often, arose-opted<124>-octet<2>-often<1>, 4
weeny, arose-tined<258>-enemy<6>-weeny<1>, 4
acute, arose-bilge<23>-aztec<4>-acute<1>, 4
shelf, arose-zoned<317>-pelts<94>-wharf<4>-shelf<1>, 5
erect, arose-yield<46>-wreck<10>-erect<1>, 4
picky, arose-clint<260>-gucci<5>-picky<1>, 4
ralph, arose-tarry<93>-nadir<11>-rajah<2>-ralph<1>, 5
entre, not-in-dict, #N/A
matey, not-in-dict, #N/A
brown, arose-yukon<45>-grubs<6>-brown<1>, 4
route, arose-tunic<15>-route<1>, 3
trail, arose-yenta<59>-trick<14>-trail<2>, 4
domed, arose-opted<124>-zulus<25>-yowls<18>-munch<12>-domed<1>, 6
cares, arose-rapes<49>-watch<8>-cares<1>, 4
knobs, arose-zooms<132>-wisps<49>-clogs<13>-buoys<3>-knobs<1>, 6
igloo, arose-youth<162>-lingo<17>-igloo<1>, 4
reeds, arose-serif<99>-beers<14>-riled<3>-reeds<1>, 5
teary, arose-water<98>-heart<5>-teary<1>, 4
humid, arose-clint<260>-humid<19>, 3
broil, arose-yukon<45>-wroth<14>-psalm<4>-broil<1>, 5
tango, arose-woman<89>-tunic<9>-tango<1>, 4
hides, arose-zoned<317>-dives<18>-tiffs<5>-sighs<3>-hides<1>, 6
scale, arose-watch<35>-scale<1>, 3
neons, not-in-dict, #N/A
tents, arose-zoned<317>-vetch<9>-thigh<3>-tents<1>, 5
euros, not-in-dict, #N/A
sodom, arose-yolks<146>-tuned<10>-sodom<1>, 4
odeon, arose-opted<124>-odeon<1>, 3
cross, arose-gross<5>-cross<2>, 3
sited, arose-zoned<317>-wisps<13>-sided<2>-sited<1>, 5
shawl, arose-wants<306>-thump<6>-shawl<1>, 4
gusto, arose-yolks<146>-disco<7>-gusto<1>, 4
mocks, arose-yolks<146>-spend<11>-month<4>-mocks<1>, 5
spine, arose-wilts<41>-seine<9>-shine<2>-spine<1>, 5
kayak, arose-natal<274>-macaw<4>-kayak<1>, 4
bands, arose-wants<306>-young<16>-scald<7>-bands<2>, 5
fonds, not-in-dict, #N/A
nicks, arose-kilts<332>-winks<12>-nicks<1>, 4
share, arose-tench<5>-share<1>, 3
tires, arose-serif<99>-witch<5>-tires<1>, 4
casks, arose-wants<306>-zilch<59>-skips<8>-casks<1>, 5
gourd, arose-corny<68>-robot<6>-gourd<1>, 4
brier, arose-yield<46>-wrier<8>-tripe<4>-brier<2>, 5
poesy, arose-gesso<3>-poesy<1>, 3
aimed, arose-dined<24>-ailed<2>-aimed<1>, 4
eaves, arose-welts<153>-vicki<54>-sheen<5>-eaves<1>, 5
welsh, arose-heist<18>-welsh<1>, 3
stork, arose-short<21>-sulky<3>-stork<1>, 4
grimy, arose-yukon<44>-wryly<6>-grimy<2>, 4
raked, arose-water<98>-cared<19>-spiky<6>-raked<1>, 5
pulse, arose-dense<9>-guise<2>-pulse<1>, 4
abler, arose-bidet<14>-abler<2>, 3
silly, arose-kilts<332>-silly<1>, 3
dumbo, not-in-dict, #N/A
grief, arose-yield<46>-wrier<8>-brief<3>-grief<1>, 5
bones, arose-zooms<87>-zilch<44>-zoned<23>-tribe<3>-bones<1>, 6
limes, arose-zoned<317>-zilch<96>-maker<3>-limes<1>, 5
stint, arose-kilts<332>-shift<5>-stint<1>, 4
ratty, arose-tarry<93>-ratty<1>, 3
forks, arose-scrod<43>-worth<11>-forms<5>-forks<1>, 5
sated, arose-welts<153>-tamed<4>-sated<1>, 4
edges, arose-zoned<317>-dives<18>-cedes<2>-edges<1>, 5
ninth, arose-clint<260>-minty<3>-ninth<1>, 4
versa, arose-versa<1>, 2
welts, arose-zoned<317>-pelts<94>-wombs<5>-welts<1>, 5
wanes, arose-welts<153>-wedge<6>-winks<4>-wanes<1>, 5
roars, arose-boars<14>-roars<2>, 3
world, arose-corny<68>-worth<5>-world<1>, 4
mauls, arose-wants<306>-zilch<59>-paula<5>-mauls<1>, 5
tidal, arose-natal<274>-tidal<1>, 3
suite, arose-wilts<41>-sumac<3>-suite<1>, 4
trust, arose-yacht<13>-grist<3>-trust<1>, 4
shark, arose-darts<94>-uncap<10>-shark<2>, 4
lager, arose-water<98>-repel<24>-leggy<5>-lager<1>, 5
blond, arose-zloty<51>-inked<13>-blond<1>, 4
plane, arose-yalta<70>-zebus<13>-wimps<6>-place<2>-plane<1>, 6
griff, arose-yukon<44>-tulip<9>-frizz<2>-griff<1>, 5
vixen, arose-tined<258>-liven<6>-vixen<1>, 4
sidle, arose-wilts<41>-lisle<2>-sidle<1>, 4
karat, arose-tarry<93>-carat<4>-karat<1>, 4
harsh, arose-harsh<3>, 2
bayou, arose-woman<89>-taboo<18>-bayou<2>, 4
fryer, arose-yield<46>-fryer<2>, 3
glare, arose-carne<22>-rugby<4>-glare<1>, 4
usher, arose-serif<99>-rules<9>-usher<1>, 4
nerve, arose-wired<38>-verge<9>-nerve<1>, 4
jeans, arose-welts<153>-viand<15>-melba<3>-jeans<1>, 5
clear, arose-water<98>-cedar<6>-clear<1>, 4
waxes, arose-welts<153>-wedge<6>-winks<4>-waves<2>-waxes<1>, 6
looks, arose-zooms<132>-zilch<33>-unapt<7>-fools<2>-looks<1>, 6
slick, arose-kilts<332>-slick<3>, 3
beard, arose-water<98>-learn<21>-beard<3>, 4
boors, arose-short<21>-moped<3>-boors<1>, 4
mosey, arose-zooms<87>-mosey<1>, 3
enjoy, arose-opted<124>-felon<18>-enjoy<3>, 4
fleck, arose-tined<258>-belly<21>-fleck<1>, 4
gyros, arose-scrod<43>-giros<3>-gyros<1>, 4
shrug, arose-sprit<75>-sushi<7>-shrub<2>-shrug<1>, 5
kindy, not-in-dict, #N/A
spunk, arose-kilts<332>-shuck<7>-skunk<2>-spunk<1>, 5
wierd, not-in-dict, #N/A
dived, arose-tined<258>-wombs<19>-pluck<10>-dived<3>, 5
leaps, arose-welts<153>-skald<10>-lupin<3>-leaps<1>, 5
angle, arose-bilge<23>-algae<2>-angle<1>, 4
rowdy, arose-corny<68>-dowry<2>-rowdy<1>, 4
picks, arose-kilts<332>-winks<12>-pinch<4>-picks<1>, 5
smash, arose-stash<33>-slash<2>-smash<1>, 4
buoys, arose-zooms<132>-wisps<49>-clogs<13>-buoys<3>, 5
above, arose-anode<7>-above<2>, 3
carbo, not-in-dict, #N/A
gangs, arose-wants<306>-young<16>-parch<5>-garbs<3>-gangs<1>, 6
chute, arose-yield<104>-fence<12>-chute<1>, 4
hurts, arose-sprit<75>-turfs<4>-hurts<1>, 4
privy, arose-yukon<44>-wryly<6>-grimy<2>-privy<1>, 5
alibi, arose-blind<54>-alibi<1>, 3
betas, arose-welts<153>-teaks<4>-betas<1>, 4
cubic, arose-clint<260>-civic<3>-cubic<1>, 4
burnt, arose-birch<51>-burly<2>-burnt<1>, 4
skins, arose-kilts<332>-spend<4>-skins<1>, 4
movie, arose-vying<34>-movie<1>, 3
zesty, arose-zoned<317>-zebus<2>-zesty<1>, 4
cliff, arose-clint<260>-comfy<3>-cliff<1>, 4
tench, arose-tined<258>-tench<2>, 3
squab, arose-wants<306>-psalm<26>-scuba<4>-squab<1>, 5
incur, arose-birch<51>-incur<2>, 3
satin, arose-wants<306>-saint<3>-satin<1>, 4
arent, not-in-dict, #N/A
wears, arose-rapes<49>-yenta<10>-wedge<7>-wears<1>, 5
nanny, arose-natal<274>-nancy<3>-nanny<1>, 4
midge, arose-yield<104>-dixie<2>-midge<1>, 4
stung, arose-kilts<332>-synch<6>-stung<2>, 4
adept, arose-dined<24>-adept<1>, 3
hissy, not-in-dict, #N/A
gabby, arose-natal<274>-width<27>-mange<7>-gabby<2>, 5
gough, not-in-dict, #N/A
beads, arose-welts<153>-viand<15>-beads<2>, 4
aptly, arose-blind<54>-amply<4>-aptly<1>, 4
petit, arose-tined<258>-phial<8>-petit<2>, 4
hobby, arose-youth<162>-kabul<4>-hobby<1>, 4
gouda, arose-woman<89>-volta<14>-gouda<3>, 4
knots, arose-zooms<132>-wisps<49>-clogs<13>-buoys<3>-knots<1>, 6
tease, arose-unapt<14>-tease<1>, 3
pumps, arose-kilts<332>-thump<28>-surds<6>-pumps<4>, 5
holds, arose-yolks<146>-would<22>-month<5>-holds<1>, 5
smear, arose-rapes<49>-swims<3>-smear<1>, 4
cater, arose-water<98>-peace<6>-cater<1>, 4
heaps, arose-welts<153>-viand<15>-skimp<5>-heaps<1>, 5
tonys, not-in-dict, #N/A
sling, arose-kilts<332>-whiny<5>-sling<1>, 4
buses, arose-zoned<317>-zilch<96>-upset<25>-nimbi<3>-buses<1>, 6
glens, arose-zoned<317>-veins<18>-glens<1>, 4
ruing, arose-birch<51>-flirt<5>-ruing<1>, 4
meant, arose-yodel<160>-texan<27>-meant<1>, 4
niece, arose-yield<104>-niece<2>, 3
greys, not-in-dict, #N/A
whims, arose-kilts<332>-whips<17>-whigs<2>-whims<1>, 5
spare, arose-tench<5>-spare<1>, 3
niles, not-in-dict, #N/A
terms, arose-serif<99>-vomit<13>-terms<1>, 4
argon, arose-arbor<6>-argon<2>, 3
amish, arose-whims<10>-amish<1>, 3
mossy, arose-touch<12>-bossy<3>-mossy<1>, 4
heals, arose-welts<153>-skald<10>-perch<3>-heals<1>, 5
emory, not-in-dict, #N/A
frail, arose-yenta<59>-zilch<18>-frail<2>, 4
cynic, arose-clint<260>-cinch<4>-cynic<1>, 4
smile, arose-wilts<41>-smock<5>-smile<1>, 4
oxbow, not-in-dict, #N/A
raped, arose-water<98>-cared<19>-spiky<6>-raped<1>, 5
jeers, arose-serif<99>-beers<14>-veils<4>-jeers<2>, 5
dairy, arose-tarry<93>-hands<3>-dairy<1>, 4
manna, arose-natal<274>-canna<7>-hanna<2>-manna<1>, 5
dicey, arose-tined<258>-dicey<2>, 3
halts, arose-wants<306>-slims<14>-halts<1>, 4
coral, arose-baron<52>-tummy<8>-coral<2>, 4
becki, not-in-dict, #N/A
rayon, arose-baron<52>-radon<2>-rayon<1>, 4
harem, arose-water<98>-cared<19>-harem<2>, 4
laney, not-in-dict, #N/A
gusty, arose-kilts<332>-tumid<5>-fusty<2>-gusty<1>, 5
nosey, arose-zooms<87>-spend<10>-eosin<2>-nosey<1>, 5
brant, not-in-dict, #N/A
broom, arose-yukon<45>-trump<7>-broom<2>, 4
verbs, arose-serif<99>-vomit<13>-verbs<1>, 4
shoal, arose-shoal<4>, 2
arena, arose-arced<5>-arena<1>, 3
spire, arose-spree<7>-spire<1>, 3
runny, arose-birch<51>-stand<5>-runny<1>, 4
fugue, arose-yield<104>-fence<12>-fugue<1>, 4
noose, arose-winch<8>-noose<1>, 3
juicy, arose-clint<260>-juicy<3>, 3
model, arose-opted<124>-dowel<8>-model<2>, 4
guess, arose-heist<18>-bless<2>-guess<1>, 4
cocky, arose-youth<162>-dolby<25>-comfy<5>-cocky<1>, 5
ember, arose-tired<167>-wheel<25>-fever<4>-ember<1>, 5
allot, arose-giant<17>-abbot<2>-allot<1>, 4
weave, arose-yalta<70>-whips<12>-weave<1>, 4
burst, arose-burst<3>, 2
curse, arose-vouch<7>-curse<1>, 3
mowed, arose-opted<124>-zulus<25>-yowls<18>-wrack<5>-wombs<3>-mowed<1>, 7
cheek, arose-tined<258>-xebec<15>-cheek<2>, 4
crepe, arose-write<33>-pubes<11>-crepe<1>, 4
alpha, arose-blind<54>-alkyl<4>-alpha<1>, 4
earth, arose-water<98>-earth<1>, 3
whiff, arose-clint<260>-whiff<5>, 3
sneak, arose-welts<153>-specs<9>-sheaf<2>-sneak<1>, 5
quota, arose-biota<10>-quota<1>, 3
paver, not-in-dict, #N/A
fudgy, not-in-dict, #N/A
boney, not-in-dict, #N/A
louse, arose-spuds<12>-mouth<3>-louse<1>, 4
spots, arose-zooms<132>-wisps<49>-spots<1>, 4
which, arose-clint<260>-juicy<3>-which<1>, 4
forme, not-in-dict, #N/A
flout, arose-zloty<51>-clout<2>-flout<1>, 4
tuner, arose-tired<167>-tuber<3>-tuner<1>, 4
keith, arose-tined<258>-phial<8>-keith<1>, 4
maine, arose-yalta<70>-zings<18>-maine<2>, 4
rebid, not-in-dict, #N/A
hares, arose-rapes<49>-watch<8>-hares<1>, 4
bulls, arose-kilts<332>-zulus<16>-pygmy<14>-numbs<7>-bulls<1>, 6
harpy, arose-tarry<93>-hardy<3>-harpy<1>, 4
bride, arose-write<33>-vamps<12>-wound<4>-bride<1>, 5
trite, arose-write<33>-trite<1>, 3
happy, arose-natal<274>-width<27>-hammy<2>-happy<1>, 5
moray, arose-baron<52>-tummy<8>-moray<1>, 4
daily, arose-natal<274>-dally<16>-daily<1>, 4
gassy, arose-stash<33>-massy<5>-gassy<1>, 4
tasty, arose-wants<306>-tasty<5>, 3
known, arose-zloty<51>-hooch<10>-known<2>, 4
apple, arose-bilge<23>-apron<4>-apple<1>, 4
pylon, arose-youth<162>-nylon<4>-pylon<1>, 4
scent, arose-zoned<317>-veins<18>-scent<2>, 4
hards, not-in-dict, #N/A
heels, arose-zoned<317>-pelts<94>-whelk<6>-heels<1>, 5
nudge, arose-yield<104>-weeny<14>-dunce<3>-nudge<1>, 5
bakes, arose-welts<153>-vicki<54>-samba<5>-bakes<1>, 5
degen, not-in-dict, #N/A
friar, arose-yenta<59>-zilch<18>-braid<4>-friar<1>, 5
mates, arose-welts<153>-thumb<12>-mates<1>, 4
edits, arose-zoned<317>-sleds<25>-debts<3>-edits<1>, 5
ships, arose-kilts<332>-whips<17>-chips<2>-ships<1>, 5
flank, arose-natal<274>-pluck<10>-blank<2>-flank<1>, 5
mumbo, arose-youth<162>-bijou<11>-gumbo<2>-mumbo<1>, 5
artic, not-in-dict, #N/A
croup, arose-yukon<45>-group<5>-croup<1>, 4
brash, arose-trigs<7>-brash<2>, 3
inert, arose-tired<167>-refit<5>-inert<1>, 4
fully, arose-clint<260>-bulgy<9>-dully<3>-fully<1>, 5
white, arose-yield<104>-chine<16>-white<1>, 4
axial, arose-blind<54>-axial<1>, 3
coots, arose-zooms<132>-zilch<33>-inapt<4>-coots<1>, 5
hangs, arose-wants<306>-young<16>-parch<5>-hangs<1>, 5
bella, not-in-dict, #N/A
boris, arose-scrod<43>-worth<11>-forms<5>-boris<1>, 5
allee, not-in-dict, #N/A
quart, arose-tarry<93>-quart<4>, 3
kiddy, not-in-dict, #N/A
booth, arose-zloty<51>-booth<3>, 3
lifts, arose-kilts<332>-lifts<2>, 3
algal, not-in-dict, #N/A
leese, not-in-dict, #N/A
snows, arose-zooms<132>-wisps<49>-tench<5>-snows<1>, 5
sakes, arose-welts<153>-vicki<54>-samba<5>-sakes<1>, 5
pined, arose-tined<258>-wolfs<6>-plumb<3>-pined<1>, 5
bluff, arose-clint<260>-plumb<7>-bluff<1>, 4
visas, arose-wants<306>-vocal<42>-visas<1>, 4
heart, arose-water<98>-heart<5>, 3
twill, arose-clint<260>-twill<1>, 3
drove, arose-wrung<16>-prove<9>-drove<2>, 4
gnaws, arose-wants<306>-gnaws<2>, 3
fiver, not-in-dict, #N/A
galea, not-in-dict, #N/A
peach, arose-yodel<160>-texan<27>-beach<3>-peach<1>, 5
tangs, arose-wants<306>-tangs<2>, 3
cones, arose-zooms<87>-zilch<44>-dinky<5>-cones<1>, 5
jiffy, arose-clint<260>-humid<19>-fizzy<4>-jiffy<1>, 5
burly, arose-birch<51>-burly<2>, 3
ducts, arose-kilts<332>-tuned<15>-ducts<2>, 4
trope, arose-wrung<16>-prove<9>-trope<1>, 4
gravy, arose-yenta<59>-crazy<3>-gravy<1>, 4
allay, arose-blind<54>-alkyl<4>-allay<1>, 4
hoper, not-in-dict, #N/A
sawed, arose-welts<153>-sawed<1>, 3
jawed, arose-yodel<160>-witch<40>-jawed<2>, 4
lyman, not-in-dict, #N/A
frock, arose-yukon<45>-crock<2>-frock<1>, 4
muggy, arose-clint<260>-bumpy<21>-nudge<3>-muggy<1>, 5
wrens, arose-wrest<18>-wrens<1>, 3
pause, arose-unapt<14>-pause<1>, 3
shank, arose-wants<306>-snail<13>-shank<3>, 4
built, arose-clint<260>-rugby<3>-built<1>, 4
blaze, arose-yalta<70>-zebus<13>-blaze<1>, 4
grape, arose-trick<23>-vaduz<8>-frame<2>-grape<1>, 5
trunk, arose-yukon<44>-drunk<2>-trunk<1>, 4
clump, arose-clint<260>-cluck<2>-clump<1>, 4
quasi, arose-stash<33>-clasp<3>-quasi<1>, 4
souls, arose-yolks<146>-twice<24>-stung<5>-souls<1>, 5
dully, arose-clint<260>-bulgy<9>-dully<3>, 4
dried, arose-yield<46>-tripe<6>-frock<3>-dried<1>, 5
teddy, arose-tined<258>-teddy<1>, 3
nests, arose-zoned<317>-veins<18>-ousts<4>-nests<1>, 5
poker, arose-rower<67>-vying<20>-tramp<7>-doper<2>-poker<1>, 6
flare, arose-carne<22>-rugby<4>-flare<1>, 4
mamie, not-in-dict, #N/A
zahir, not-in-dict, #N/A
relic, arose-tired<167>-scion<6>-relic<1>, 4
pairs, arose-darts<94>-recap<12>-pairs<1>, 4
duals, not-in-dict, #N/A
peels, arose-zoned<317>-pelts<94>-peels<1>, 4
grove, arose-wrung<16>-grope<2>-grove<1>, 4
aware, arose-burin<4>-aware<1>, 3
salty, arose-wants<306>-tasty<5>-salty<1>, 4
meals, arose-welts<153>-skald<10>-perch<3>-meals<1>, 5
octet, arose-opted<124>-octet<2>, 3
tempt, arose-tined<258>-teeth<3>-tempt<1>, 4
memos, arose-zooms<87>-oohed<4>-memos<1>, 4
banal, arose-natal<274>-banal<2>, 3
valor, arose-baron<52>-velum<6>-valor<1>, 4
shame, arose-watch<35>-skald<7>-vamps<4>-shame<1>, 5
calyx, arose-natal<274>-dally<16>-calyx<1>, 4
washy, not-in-dict, #N/A
clans, arose-wants<306>-spice<8>-clans<1>, 4
outer, arose-rower<67>-petal<7>-otter<2>-outer<1>, 5
cyber, not-in-dict, #N/A
melee, arose-yield<104>-fluke<9>-levee<2>-melee<1>, 5
warty, arose-tarry<93>-party<2>-warty<1>, 4
combs, arose-yolks<146>-wound<44>-witch<13>-combs<2>, 5
slake, arose-watch<35>-usual<6>-slake<2>, 4
tippy, not-in-dict, #N/A
curve, arose-wired<38>-verge<9>-curve<1>, 4
their, arose-tired<167>-their<1>, 3
agape, arose-bilge<23>-agape<2>, 3
colon, arose-youth<162>-colin<20>-colon<1>, 4
domes, arose-zooms<87>-tumid<11>-domes<1>, 4
games, arose-welts<153>-vicki<54>-spasm<29>-nomad<6>-games<2>, 6
amino, arose-giant<17>-amino<1>, 3
babel, arose-yodel<160>-plumb<9>-babel<3>, 4
crude, arose-write<33>-pubes<11>-crude<1>, 4
amigo, arose-giant<17>-amigo<1>, 3
runic, arose-birch<51>-incur<2>-runic<1>, 4
sheet, arose-zoned<317>-zilch<96>-hypes<4>-sheet<1>, 5
echos, not-in-dict, #N/A
swarm, arose-darts<94>-uncap<10>-shark<2>-swarm<1>, 5
alden, not-in-dict, #N/A
kings, arose-kilts<332>-kinds<5>-kings<2>, 4
newby, not-in-dict, #N/A
docks, arose-yolks<146>-spend<11>-docks<1>, 4
pasok, not-in-dict, #N/A
hived, not-in-dict, #N/A
snack, arose-wants<306>-snail<13>-snack<3>, 4
lives, arose-zoned<317>-zilch<96>-maker<3>-lives<1>, 5
grows, arose-prows<12>-grubs<3>-grows<1>, 4
taxed, arose-yodel<160>-witch<40>-tempi<3>-taxed<1>, 5
halve, arose-yalta<70>-vouch<4>-halve<1>, 4
mater, arose-water<98>-peace<6>-mauls<3>-mater<1>, 5
thugs, arose-kilts<332>-stubs<8>-thuds<2>-thugs<1>, 5
agile, arose-bilge<23>-agile<1>, 3
yikes, not-in-dict, #N/A
genes, arose-zoned<317>-wiped<12>-junes<3>-genes<1>, 5
units, arose-kilts<332>-unpeg<8>-units<1>, 4
filed, arose-tined<258>-wombs<19>-pluck<10>-filed<2>, 5
alike, arose-bilge<23>-amuck<3>-alike<1>, 4
nudes, arose-zoned<317>-nudes<1>, 3
flaws, arose-wants<306>-sylph<7>-claws<2>-flaws<1>, 5
rebus, arose-serif<99>-beers<14>-rebus<1>, 4
wafer, arose-water<98>-wedge<4>-wafer<2>, 4
decoy, arose-opted<124>-enemy<5>-decoy<1>, 4
hotly, arose-youth<162>-hotly<1>, 3
venal, arose-yodel<160>-vents<9>-venal<1>, 4
molar, arose-baron<52>-sylph<8>-molar<1>, 4
prays, arose-yacht<26>-pride<5>-prays<1>, 4
whose, arose-winch<8>-whose<1>, 3
maker, arose-water<98>-repel<24>-baker<8>-faker<2>-maker<1>, 6
beefy, arose-tined<258>-belly<21>-becky<2>-beefy<1>, 5
sigma, arose-wants<306>-psalm<26>-sigma<3>, 4
jolts, arose-yolks<146>-would<22>-vomit<9>-joyce<3>-jolts<1>, 6
tatty, arose-natal<274>-patch<16>-tibet<5>-tatty<1>, 5
terre, not-in-dict, #N/A
greco, not-in-dict, #N/A
brawl, arose-yenta<59>-zilch<18>-brawl<3>, 4
staid, arose-wants<306>-styli<9>-staid<1>, 4
riche, arose-wired<38>-libre<4>-riche<1>, 4
eared, arose-water<98>-cared<19>-sheep<6>-eared<1>, 5
named, arose-yodel<160>-witch<40>-skimp<15>-negro<3>-named<1>, 6
wakes, arose-welts<153>-wedge<6>-winks<4>-wakes<1>, 5
jails, arose-wants<306>-zilch<59>-scamp<7>-jambs<3>-jails<1>, 6
twigs, arose-kilts<332>-thins<4>-twigs<1>, 4
parma, not-in-dict, #N/A
ernie, not-in-dict, #N/A
hocus, not-in-dict, #N/A
chide, arose-yield<104>-chide<2>, 3
items, arose-zoned<317>-pelts<94>-items<3>, 4
willy, not-in-dict, #N/A
cures, arose-serif<99>-rebel<7>-gyres<3>-cures<1>, 5
tibia, arose-natal<274>-dicta<3>-tibia<1>, 4
panel, arose-yodel<160>-plumb<9>-panel<1>, 4
breen, not-in-dict, #N/A
toads, arose-tonal<51>-toads<1>, 3
first, arose-burst<3>-first<1>, 3
horse, arose-wrung<6>-horse<2>, 3
birch, arose-birch<51>, 2
burro, arose-corny<68>-burro<8>, 3
tipsy, arose-shish<24>-gipsy<3>-tipsy<1>, 4
bawdy, arose-natal<274>-width<27>-bawdy<1>, 4
topaz, arose-woman<89>-vocal<10>-kodak<3>-topaz<1>, 5
syrup, arose-sprit<75>-syrup<1>, 3
vales, not-in-dict, #N/A
wires, arose-serif<99>-witch<5>-wires<1>, 4
tepid, arose-tined<258>-tepid<1>, 3
until, arose-clint<260>-until<1>, 3
spent, arose-zoned<317>-veins<18>-scent<2>-spent<1>, 5
tenth, arose-tined<258>-tench<2>-tenth<1>, 4
fader, not-in-dict, #N/A
rusty, arose-sprit<75>-runts<3>-rusty<1>, 4
hyper, arose-tired<167>-wheel<25>-hyper<1>, 4
zulus, arose-kilts<332>-zulus<16>, 3
ramps, arose-darts<94>-recap<12>-ramps<2>, 4
pager, arose-water<98>-repel<24>-picky<3>-pager<1>, 5
gaunt, arose-natal<274>-vying<13>-gaunt<1>, 4
piety, arose-tined<258>-eight<2>-piety<1>, 4
great, arose-yoked<14>-tribe<5>-great<1>, 4
gloat, arose-biota<10>-float<2>-gloat<1>, 4
putts, arose-kilts<332>-tuned<15>-busts<6>-mutts<2>-putts<1>, 6
nouns, arose-yolks<146>-wound<44>-nouns<1>, 4
jerry, arose-tired<167>-jerry<12>, 3
stake, arose-watch<35>-skate<8>-stake<1>, 4
moved, arose-opted<124>-zulus<25>-yowls<18>-munch<12>-moved<1>, 6
homos, not-in-dict, #N/A
blocs, arose-zooms<132>-wisps<49>-clogs<13>-blocs<1>, 5
cisco, not-in-dict, #N/A
wrest, arose-yacht<8>-ernst<2>-wrest<1>, 4
truth, arose-yukon<44>-trump<9>-truth<1>, 4
blair, not-in-dict, #N/A
affix, arose-blind<54>-attic<3>-affix<1>, 4
dills, arose-kilts<332>-wimps<12>-singh<7>-finds<3>-dills<1>, 6
purse, arose-vouch<7>-nurse<2>-purse<1>, 4
sowed, arose-zooms<87>-spend<10>-soled<2>-sowed<1>, 5
sioux, arose-zooms<132>-tench<21>-sioux<2>, 4
telex, arose-tined<258>-telex<2>, 3
chaff, arose-natal<274>-champ<13>-chaff<1>, 4
risks, arose-sprit<75>-rinds<7>-rills<2>-risks<1>, 5
bower, arose-rower<67>-tramp<7>-lucid<4>-bower<1>, 5
biked, arose-tined<258>-wombs<19>-bided<5>-biked<2>, 5
trams, arose-yacht<26>-trams<3>, 3
music, arose-kilts<332>-suing<13>-music<1>, 4
sucre, not-in-dict, #N/A
howdy, arose-youth<162>-kabul<4>-howdy<1>, 4
debug, arose-tined<258>-debby<4>-debug<1>, 4
humor, arose-corny<68>-humor<9>, 3
booby, arose-zloty<51>-yoked<9>-motif<3>-booby<1>, 5
unzip, arose-clint<260>-fundi<16>-unpin<2>-unzip<1>, 5
mocha, arose-woman<89>-foamy<4>-mocha<1>, 4
level, arose-tined<258>-xebec<15>-jewel<2>-level<1>, 5
stile, arose-wilts<41>-stile<1>, 3
feeds, arose-zoned<317>-sleds<25>-wharf<4>-feeds<1>, 5
regie, not-in-dict, #N/A
mined, arose-tined<258>-wolfs<6>-plumb<3>-mined<1>, 5
stain, arose-wants<306>-stick<5>-stain<1>, 4
vance, not-in-dict, #N/A
aides, arose-dusts<18>-aides<3>, 3
dobbs, not-in-dict, #N/A
shuck, arose-kilts<332>-shuck<7>, 3
winks, arose-kilts<332>-winks<12>, 3
cagey, arose-yodel<160>-cagey<2>, 3
rises, arose-serif<99>-wiser<14>-risen<2>-rises<1>, 5
ducal, arose-natal<274>-ducal<3>, 3
lobes, arose-zooms<87>-zilch<44>-paged<7>-saves<3>-lobes<1>, 6
scowl, arose-zooms<132>-tench<21>-scold<3>-scowl<1>, 5
lithe, arose-yield<104>-bilge<2>-lithe<1>, 4
chest, arose-heist<18>-chest<1>, 3
goats, arose-tonal<51>-mocha<5>-boats<2>-goats<1>, 5
opals, arose-tonal<51>-salvo<5>-opals<1>, 4
seeps, arose-zoned<317>-pelts<94>-whack<6>-shoji<3>-seeps<1>, 6
tarts, arose-darts<94>-watch<7>-tempi<4>-tarts<1>, 5
inter, arose-tired<167>-inter<1>, 3
clone, arose-zilch<19>-clone<2>, 3
